{
  "title": "RICHE — натуральная косметика для умного ухода",
  "titleTemplate": "%s",
  "description": "RICHE — натуральная косметика для умного ухода",
  "openGraph": {
    "title": "RICHE — натуральная косметика для умного ухода",
    "description": "RICHE — натуральная косметика для умного ухода",
    "type": "website",
    "locale": "ru_RU",
    "url": "https://riche.skin",
    "site_name": "RICHE",
    "images": [
      {
        "url": "/i/card.png",
        "width": 1200,
        "height": 630,
        "alt": "RICHE — натуральная косметика для умного ухода"
      }
    ]
  }
}
